{"0": {"precision": 0.047384890478319175, "recall": 0.4711111111111111, "f1-score": 0.08610885458976442, "support": 225.0}, "1": {"precision": 0.9667099005620406, "recall": 0.42810645223051885, "f1-score": 0.5934182590233545, "support": 5223.0}, "2": {"precision": 0.0077951002227171495, "recall": 0.4375, "f1-score": 0.015317286652078774, "support": 16.0}, "3": {"precision": 0.0, "recall": 0.0, "f1-score": 0.0, "support": 0.0}, "accuracy": 0.429904831625183, "macro avg": {"precision": 0.2554724728157693, "recall": 0.3341793908354075, "f1-score": 0.17371110006629942, "support": 5464.0}, "weighted avg": {"precision": 0.9260454122614794, "recall": 0.429904831625183, "f1-score": 0.5708351273331096, "support": 5464.0}}