{"0": {"precision": 0.0, "recall": 0.0, "f1-score": 0.0, "support": 225.0}, "1": {"precision": 0.9558850448471535, "recall": 0.999808539153743, "f1-score": 0.9773535466966123, "support": 5223.0}, "2": {"precision": 0.0, "recall": 0.0, "f1-score": 0.0, "support": 16.0}, "accuracy": 0.955710102489019, "macro avg": {"precision": 0.3186283482823845, "recall": 0.3332695130512477, "f1-score": 0.32578451556553745, "support": 5464.0}, "weighted avg": {"precision": 0.9137239365367282, "recall": 0.955710102489019, "f1-score": 0.9342455297211578, "support": 5464.0}}