{"0": {"precision": 0.038011695906432746, "recall": 0.28888888888888886, "f1-score": 0.06718346253229975, "support": 225.0}, "1": {"precision": 0.9548209366391185, "recall": 0.3318016465632778, "f1-score": 0.49246945154873545, "support": 5223.0}, "2": {"precision": 0.004123711340206186, "recall": 0.375, "f1-score": 0.008157715839564922, "support": 16.0}, "3": {"precision": 0.0, "recall": 0.0, "f1-score": 0.0, "support": 0.0}, "accuracy": 0.3301610541727672, "macro avg": {"precision": 0.24923908597143934, "recall": 0.24892263386304167, "f1-score": 0.14195265748015004, "support": 5464.0}, "weighted avg": {"precision": 0.914284107435305, "recall": 0.3301610541727672, "f1-score": 0.47353857027127483, "support": 5464.0}}