{"0": {"precision": 0.0, "recall": 0.0, "f1-score": 0.0, "support": 225.0}, "1": {"precision": 0.9558931185944363, "recall": 1.0, "f1-score": 0.977449237391223, "support": 5223.0}, "2": {"precision": 0.0, "recall": 0.0, "f1-score": 0.0, "support": 16.0}, "accuracy": 0.9558931185944363, "macro avg": {"precision": 0.31863103953147875, "recall": 0.3333333333333333, "f1-score": 0.325816412463741, "support": 5464.0}, "weighted avg": {"precision": 0.9137316541761971, "recall": 0.9558931185944363, "f1-score": 0.9343369997976497, "support": 5464.0}}